[
  {
    "tamil": "திருக்குறள்",
    "section": {
      "tamil": "பால்",
      "detail": [
        {
          "name": "அறத்துப்பால்",
          "transliteration": "Araththuppaal",
          "translation": "Virtue",
          "number": 1,
          "chapterGroup": {
            "tamil": "இயல்",
            "detail": [
              {
                "name": "பாயிரவியல்",
                "transliteration": "Paayiraviyal",
                "translation": "Prologue",
                "number": 1,
                "chapters": {
                  "tamil": "அதிகாரம்",
                  "detail": [
                    {
                      "name": "கடவுள் வாழ்த்து",
                      "translation": "The Praise of God",
                      "transliteration": "Katavul Vaazhththu",
                      "number": 1,
                      "start": 1,
                      "end": 10
                    },
                    {
                      "name": "வான்சிறப்பு",
                      "translation": "The Blessing of Rain",
                      "transliteration": "Vaansirappu",
                      "number": 2,
                      "start": 11,
                      "end": 20
                    },
                    {
                      "name": "நீத்தார் பெருமை",
                      "translation": "The Greatness of Ascetics",
                      "transliteration": "Neeththaar Perumai",
                      "number": 3,
                      "start": 21,
                      "end": 30
                    },
                    {
                      "name": "அறன் வலியுறுத்தல்",
                      "translation": "Assertion of the Strength of Virtue",
                      "transliteration": "Aran Valiyuruththal",
                      "number": 4,
                      "start": 31,
                      "end": 40
                    }
                  ]
                }
              },
              {
                "name": "இல்லறவியல்",
                "transliteration": "Illaraviyal",
                "translation": "Domestic Virtue",
                "number": 2,
                "chapters": {
                  "tamil": "அதிகாரம்",
                  "detail": [
                    {
                      "name": "இல்வாழ்க்கை",
                      "translation": "Domestic Life",
                      "transliteration": "Ilvaazhkkai",
                      "number": 5,
                      "start": 41,
                      "end": 50
                    },
                    {
                      "name": "வாழ்க்கைத் துணைநலம்",
                      "translation": "The Worth of a Wife",
                      "transliteration": "Vaazhkkaith Thunainalam",
                      "number": 6,
                      "start": 51,
                      "end": 60
                    },
                    {
                      "name": "மக்கட்பேறு",
                      "translation": "The Wealth of Children",
                      "transliteration": "Pudhalvaraip Perudhal",
                      "number": 7,
                      "start": 61,
                      "end": 70
                    },
                    {
                      "name": "அன்புடைமை",
                      "translation": "The Possession of Love",
                      "transliteration": "Anputaimai",
                      "number": 8,
                      "start": 71,
                      "end": 80
                    },
                    {
                      "name": "விருந்தோம்பல்",
                      "translation": "Hospitality",
                      "transliteration": "Virundhompal",
                      "number": 9,
                      "start": 81,
                      "end": 90
                    },
                    {
                      "name": "இனியவை கூறல்",
                      "translation": "The Utterance of Pleasant Words",
                      "transliteration": "Iniyavaikooral",
                      "number": 10,
                      "start": 91,
                      "end": 100
                    },
                    {
                      "name": "செய்ந்நன்றியறிதல்",
                      "translation": "Gratitude",
                      "transliteration": "Seynnandri Aridhal",
                      "number": 11,
                      "start": 101,
                      "end": 110
                    },
                    {
                      "name": "நடுவு நிலைமை",
                      "translation": "Impartiality",
                      "transliteration": "Natuvu Nilaimai",
                      "number": 12,
                      "start": 111,
                      "end": 120
                    },
                    {
                      "name": "அடக்கம் உடைமை",
                      "translation": "The Possession of Self-restraint",
                      "transliteration": "Atakkamutaimai",
                      "number": 13,
                      "start": 121,
                      "end": 130
                    },
                    {
                      "name": "ஒழுக்கம் உடைமை",
                      "translation": "The Possession of Decorum",
                      "transliteration": "Ozhukkamutaimai",
                      "number": 14,
                      "start": 131,
                      "end": 140
                    },
                    {
                      "name": "பிறனில் விழையாமை",
                      "translation": "Not coveting another\"s Wife",
                      "transliteration": "Piranil Vizhaiyaamai",
                      "number": 15,
                      "start": 141,
                      "end": 150
                    },
                    {
                      "name": "பொறையுடைமை",
                      "translation": "The Possession of Patience, Forbearance",
                      "transliteration": "Poraiyutaimai",
                      "number": 16,
                      "start": 151,
                      "end": 160
                    },
                    {
                      "name": "அழுக்காறாமை",
                      "translation": "Not Envying",
                      "transliteration": "Azhukkaaraamai",
                      "number": 17,
                      "start": 161,
                      "end": 170
                    },
                    {
                      "name": "வெஃகாமை",
                      "translation": "Not Coveting",
                      "transliteration": "Veqkaamai",
                      "number": 18,
                      "start": 171,
                      "end": 180
                    },
                    {
                      "name": "புறங்கூறாமை",
                      "translation": "Not Backbiting",
                      "transliteration": "Purangooraamai",
                      "number": 19,
                      "start": 181,
                      "end": 190
                    },
                    {
                      "name": "பயனில சொல்லாமை",
                      "translation": "Against Vain Speaking",
                      "transliteration": "Payanila Sollaamai",
                      "number": 20,
                      "start": 191,
                      "end": 200
                    },
                    {
                      "name": "தீவினையச்சம்",
                      "translation": "Dread of Evil Deeds",
                      "transliteration": "Theevinaiyachcham",
                      "number": 21,
                      "start": 201,
                      "end": 210
                    },
                    {
                      "name": "ஒப்புரவறிதல்",
                      "translation": "Duty to Society",
                      "transliteration": "Oppuravaridhal",
                      "number": 22,
                      "start": 211,
                      "end": 220
                    },
                    {
                      "name": "ஈகை",
                      "translation": "Giving",
                      "transliteration": "Eekai",
                      "number": 23,
                      "start": 221,
                      "end": 230
                    },
                    {
                      "name": "புகழ்",
                      "translation": "Renown",
                      "transliteration": "Pukazh",
                      "number": 24,
                      "start": 231,
                      "end": 240
                    }
                  ]
                }
              },
              {
                "name": "துறவறவியல்",
                "transliteration": "Thuravaraviyal",
                "translation": "Ascetic Virtue",
                "number": 3,
                "chapters": {
                  "tamil": "அதிகாரம்",
                  "detail": [
                    {
                      "name": "அருளுடைமை",
                      "translation": "Compassion",
                      "transliteration": "Arulutaimai",
                      "number": 25,
                      "start": 241,
                      "end": 250
                    },
                    {
                      "name": "புலால் மறுத்தல்",
                      "translation": "Abstinence from Flesh",
                      "transliteration": "Pulaanmaruththal",
                      "number": 26,
                      "start": 251,
                      "end": 260
                    },
                    {
                      "name": "தவம்",
                      "translation": "Penance",
                      "transliteration": "Thavam",
                      "number": 27,
                      "start": 261,
                      "end": 270
                    },
                    {
                      "name": "கூடா ஒழுக்கம்",
                      "translation": "Imposture",
                      "transliteration": "Kootaavozhukkam",
                      "number": 28,
                      "start": 271,
                      "end": 280
                    },
                    {
                      "name": "கள்ளாமை",
                      "translation": "The Absence of Fraud",
                      "transliteration": "Kallaamai",
                      "number": 29,
                      "start": 281,
                      "end": 290
                    },
                    {
                      "name": "வாய்மை",
                      "translation": "Veracity",
                      "transliteration": "Vaaimai",
                      "number": 30,
                      "start": 291,
                      "end": 300
                    },
                    {
                      "name": "வெகுளாமை",
                      "translation": "Restraining Anger",
                      "transliteration": "Vekulaamai",
                      "number": 31,
                      "start": 301,
                      "end": 310
                    },
                    {
                      "name": "இன்னா செய்யாமை",
                      "translation": "Not doing Evil",
                      "transliteration": "Innaaseyyaamai",
                      "number": 32,
                      "start": 311,
                      "end": 320
                    },
                    {
                      "name": "கொல்லாமை",
                      "translation": "Not killing",
                      "transliteration": "Kollaamai",
                      "number": 33,
                      "start": 321,
                      "end": 330
                    },
                    {
                      "name": "நிலையாமை",
                      "translation": "Instability",
                      "transliteration": "Nilaiyaamai",
                      "number": 34,
                      "start": 331,
                      "end": 340
                    },
                    {
                      "name": "துறவு",
                      "translation": "Renunciation",
                      "transliteration": "Thuravu",
                      "number": 35,
                      "start": 341,
                      "end": 350
                    },
                    {
                      "name": "மெய்யுணர்தல்",
                      "translation": "Truth-Conciousness",
                      "transliteration": "Meyyunardhal",
                      "number": 36,
                      "start": 351,
                      "end": 360
                    },
                    {
                      "name": "அவா அறுத்தல்",
                      "translation": "Curbing of Desire",
                      "transliteration": "Avaavaruththal",
                      "number": 37,
                      "start": 361,
                      "end": 370
                    }
                  ]
                }
              },
              {
                "name": "ஊழியல்",
                "transliteration": "Oozhiyal",
                "translation": "Fate",
                "number": 4,
                "chapters": {
                  "tamil": "அதிகாரம்",
                  "detail": [
                    {
                      "name": "ஊழ்",
                      "translation": "Fate",
                      "transliteration": "Oozh",
                      "number": 38,
                      "start": 371,
                      "end": 380
                    }
                  ]
                }
              }
            ]
          }
        },
        {
          "name": "பொருட்பால்",
          "transliteration": "Porutpaal",
          "translation": "Wealth",
          "number": 2,
          "chapterGroup": {
            "tamil": "இயல்",
            "detail": [
              {
                "name": "அரசியல்",
                "transliteration": "Arasiyal",
                "translation": "Royalty",
                "number": 5,
                "chapters": {
                  "tamil": "அதிகாரம்",
                  "detail": [
                    {
                      "name": "இறைமாட்சி",
                      "translation": "The Greatness of a King",
                      "transliteration": "Iraimaatchi",
                      "number": 39,
                      "start": 381,
                      "end": 390
                    },
                    {
                      "name": "கல்வி",
                      "translation": "Learning",
                      "transliteration": "Kalvi",
                      "number": 40,
                      "start": 391,
                      "end": 400
                    },
                    {
                      "name": "கல்லாமை",
                      "translation": "Ignorance",
                      "transliteration": "Kallaamai",
                      "number": 41,
                      "start": 401,
                      "end": 410
                    },
                    {
                      "name": "கேள்வி",
                      "translation": "Hearing",
                      "transliteration": "Kelvi",
                      "number": 42,
                      "start": 411,
                      "end": 420
                    },
                    {
                      "name": "அறிவுடைமை",
                      "translation": "The Possession of Knowledge",
                      "transliteration": "Arivutaimai",
                      "number": 43,
                      "start": 421,
                      "end": 430
                    },
                    {
                      "name": "குற்றங்கடிதல்",
                      "translation": "The Correction of Faults",
                      "transliteration": "Kutrangatidhal",
                      "number": 44,
                      "start": 431,
                      "end": 440
                    },
                    {
                      "name": "பெரியாரைத் துணைக்கோடல்",
                      "translation": "Seeking the Aid of Great Men",
                      "transliteration": "Periyaaraith Thunaikkotal",
                      "number": 45,
                      "start": 441,
                      "end": 450
                    },
                    {
                      "name": "சிற்றினம் சேராமை",
                      "translation": "Avoiding mean Associations",
                      "transliteration": "Sitrinanjeraamai",
                      "number": 46,
                      "start": 451,
                      "end": 460
                    },
                    {
                      "name": "தெரிந்து செயல்வகை",
                      "translation": "Acting after due Consideration",
                      "transliteration": "Therindhuseyalvakai",
                      "number": 47,
                      "start": 461,
                      "end": 470
                    },
                    {
                      "name": "வலியறிதல்",
                      "translation": "The Knowledge of Power",
                      "transliteration": "Valiyaridhal",
                      "number": 48,
                      "start": 471,
                      "end": 480
                    },
                    {
                      "name": "காலமறிதல்",
                      "translation": "Knowing the fitting Time",
                      "transliteration": "Kaalamaridhal",
                      "number": 49,
                      "start": 481,
                      "end": 490
                    },
                    {
                      "name": "இடனறிதல்",
                      "translation": "Knowing the Place",
                      "transliteration": "Itanaridhal",
                      "number": 50,
                      "start": 491,
                      "end": 500
                    },
                    {
                      "name": "தெரிந்து தெளிதல்",
                      "translation": "Selection and Confidence",
                      "transliteration": "Therindhudhelidhal",
                      "number": 51,
                      "start": 501,
                      "end": 510
                    },
                    {
                      "name": "தெரிந்து வினையாடல்",
                      "translation": "Selection and Employment",
                      "transliteration": "Therindhuvinaiyaatal",
                      "number": 52,
                      "start": 511,
                      "end": 520
                    },
                    {
                      "name": "சுற்றந் தழால்",
                      "translation": "Cherishing Kinsmen",
                      "transliteration": "Sutrandhazhaal",
                      "number": 53,
                      "start": 521,
                      "end": 530
                    },
                    {
                      "name": "பொச்சாவாமை",
                      "translation": "Unforgetfulness",
                      "transliteration": "Pochchaavaamai",
                      "number": 54,
                      "start": 531,
                      "end": 540
                    },
                    {
                      "name": "செங்கோன்மை",
                      "translation": "The Right Sceptre",
                      "transliteration": "Sengonmai",
                      "number": 55,
                      "start": 541,
                      "end": 550
                    },
                    {
                      "name": "கொடுங்கோன்மை",
                      "translation": "The Cruel Sceptre",
                      "transliteration": "Kotungonmai",
                      "number": 56,
                      "start": 551,
                      "end": 560
                    },
                    {
                      "name": "வெருவந்த செய்யாமை",
                      "translation": "Absence of Terrorism",
                      "transliteration": "Veruvandhaseyyaamai",
                      "number": 57,
                      "start": 561,
                      "end": 570
                    },
                    {
                      "name": "கண்ணோட்டம்",
                      "translation": "Benignity",
                      "transliteration": "Kannottam",
                      "number": 58,
                      "start": 571,
                      "end": 580
                    },
                    {
                      "name": "ஒற்றாடல்",
                      "translation": "Detectives",
                      "transliteration": "Otraatal",
                      "number": 59,
                      "start": 581,
                      "end": 590
                    },
                    {
                      "name": "ஊக்கம் உடைமை",
                      "translation": "Energy",
                      "transliteration": "Ookkamutaimai",
                      "number": 60,
                      "start": 591,
                      "end": 600
                    },
                    {
                      "name": "மடி இன்மை",
                      "translation": "Unsluggishness",
                      "transliteration": "Matiyinmai",
                      "number": 61,
                      "start": 601,
                      "end": 610
                    },
                    {
                      "name": "ஆள்வினை உடைமை",
                      "translation": "Manly Effort",
                      "transliteration": "Aalvinaiyutaimai",
                      "number": 62,
                      "start": 611,
                      "end": 620
                    },
                    {
                      "name": "இடுக்கண் அழியாமை",
                      "translation": "Hopefulness in Trouble",
                      "transliteration": "Itukkan Azhiyaamai",
                      "number": 63,
                      "start": 621,
                      "end": 630
                    }
                  ]
                }
              },
              {
                "name": "அமைச்சியல்",
                "transliteration": "Amaichiyal",
                "translation": "Minister of State",
                "number": 6,
                "chapters": {
                  "tamil": "அதிகாரம்",
                  "detail": [
                    {
                      "name": "அமைச்சு",
                      "translation": "The Office of Minister of state",
                      "transliteration": "Amaichchu",
                      "number": 64,
                      "start": 631,
                      "end": 640
                    },
                    {
                      "name": "சொல்வன்மை",
                      "translation": "Power of Speech",
                      "transliteration": "Solvanmai",
                      "number": 65,
                      "start": 641,
                      "end": 650
                    },
                    {
                      "name": "வினைத் தூய்மை",
                      "translation": "Purity in Action",
                      "transliteration": "Vinaiththooimai",
                      "number": 66,
                      "start": 651,
                      "end": 660
                    },
                    {
                      "name": "வினைத்திட்பம்",
                      "translation": "Power in Action",
                      "transliteration": "Vinaiththitpam",
                      "number": 67,
                      "start": 661,
                      "end": 670
                    },
                    {
                      "name": "வினை செயல்வகை",
                      "translation": "Modes of Action",
                      "transliteration": "Vinaiseyalvakai",
                      "number": 68,
                      "start": 671,
                      "end": 680
                    },
                    {
                      "name": "தூது",
                      "translation": "The Envoy",
                      "transliteration": "Thoodhu",
                      "number": 69,
                      "start": 681,
                      "end": 690
                    },
                    {
                      "name": "மன்னரைச் சேர்ந்து ஒழுகல்",
                      "translation": "Conduct in the Presence of the King",
                      "transliteration": "Mannaraich Cherndhozhudhal",
                      "number": 70,
                      "start": 691,
                      "end": 700
                    },
                    {
                      "name": "குறிப்பறிதல்",
                      "translation": "The Knowledge of Indications",
                      "transliteration": "Kuripparidhal",
                      "number": 71,
                      "start": 701,
                      "end": 710
                    },
                    {
                      "name": "அவை அறிதல்",
                      "translation": "The Knowledge of the Council Chamber",
                      "transliteration": "Avaiyaridhal",
                      "number": 72,
                      "start": 711,
                      "end": 720
                    },
                    {
                      "name": "அவை அஞ்சாமை",
                      "translation": "Not to dread the Council",
                      "transliteration": "Avaiyanjaamai",
                      "number": 73,
                      "start": 721,
                      "end": 730
                    }
                  ]
                }
              },
              {
                "name": "அரணியல்",
                "transliteration": "Araniyal",
                "translation": "The Essentials of a State",
                "number": 7,
                "chapters": {
                  "tamil": "அதிகாரம்",
                  "detail": [
                    {
                      "name": "நாடு",
                      "translation": "The Land",
                      "transliteration": "Naatu",
                      "number": 74,
                      "start": 731,
                      "end": 740
                    },
                    {
                      "name": "அரண்",
                      "translation": "The Fortification",
                      "transliteration": "Aran",
                      "number": 75,
                      "start": 741,
                      "end": 750
                    }
                  ]
                }
              },
              {
                "name": "கூழியல்",
                "transliteration": "Koozhiyal",
                "translation": "Way of Making Wealth",
                "number": 8,
                "chapters": {
                  "tamil": "அதிகாரம்",
                  "detail": [
                    {
                      "name": "பொருள் செயல்வகை",
                      "translation": "Way of Accumulating Wealth",
                      "transliteration": "Porulseyalvakai",
                      "number": 76,
                      "start": 751,
                      "end": 760
                    }
                  ]
                }
              },
              {
                "name": "படையில்",
                "transliteration": "Padaiyil",
                "translation": "The Excellence of an Army",
                "number": 9,
                "chapters": {
                  "tamil": "அதிகாரம்",
                  "detail": [
                    {
                      "name": "படை மாட்சி",
                      "translation": "The Excellence of an Army",
                      "transliteration": "Pataimaatchi",
                      "number": 77,
                      "start": 761,
                      "end": 770
                    },
                    {
                      "name": "படைச் செருக்கு",
                      "translation": "Military Spirit",
                      "transliteration": "Pataichcherukku",
                      "number": 78,
                      "start": 771,
                      "end": 780
                    }
                  ]
                }
              },
              {
                "name": "நட்பியல்",
                "transliteration": "Natpiyal",
                "translation": "Friendship",
                "number": 10,
                "chapters": {
                  "tamil": "அதிகாரம்",
                  "detail": [
                    {
                      "name": "நட்பு",
                      "translation": "Friendship",
                      "transliteration": "Natpu",
                      "number": 79,
                      "start": 781,
                      "end": 790
                    },
                    {
                      "name": "நட்பாராய்தல்",
                      "translation": "Investigation in forming Friendships",
                      "transliteration": "Natpaaraaidhal",
                      "number": 80,
                      "start": 791,
                      "end": 800
                    },
                    {
                      "name": "பழைமை",
                      "translation": "Familiarity",
                      "transliteration": "Pazhaimai",
                      "number": 81,
                      "start": 801,
                      "end": 810
                    },
                    {
                      "name": "தீ நட்பு",
                      "translation": "Evil Friendship",
                      "transliteration": "Thee Natpu",
                      "number": 82,
                      "start": 811,
                      "end": 820
                    },
                    {
                      "name": "கூடா நட்பு",
                      "translation": "Unreal Friendship",
                      "transliteration": "Kootaanatpu",
                      "number": 83,
                      "start": 821,
                      "end": 830
                    },
                    {
                      "name": "பேதைமை",
                      "translation": "Folly",
                      "transliteration": "Pedhaimai",
                      "number": 84,
                      "start": 831,
                      "end": 840
                    },
                    {
                      "name": "புல்லறிவாண்மை",
                      "translation": "Ignorance",
                      "transliteration": "Pullarivaanmai",
                      "number": 85,
                      "start": 841,
                      "end": 850
                    },
                    {
                      "name": "இகல்",
                      "translation": "Hostility",
                      "transliteration": "Ikal",
                      "number": 86,
                      "start": 851,
                      "end": 860
                    },
                    {
                      "name": "பகை மாட்சி",
                      "translation": "The Might of Hatred",
                      "transliteration": "Pakaimaatchi",
                      "number": 87,
                      "start": 861,
                      "end": 870
                    },
                    {
                      "name": "பகைத்திறம் தெரிதல்",
                      "translation": "Knowing the Quality of Hate",
                      "transliteration": "Pakaiththirandheridhal",
                      "number": 88,
                      "start": 871,
                      "end": 880
                    },
                    {
                      "name": "உட்பகை",
                      "translation": "Enmity within",
                      "transliteration": "Utpakai",
                      "number": 89,
                      "start": 881,
                      "end": 890
                    },
                    {
                      "name": "பெரியாரைப் பிழையாமை",
                      "translation": "Not Offending the Great",
                      "transliteration": "Periyaaraip Pizhaiyaamai",
                      "number": 90,
                      "start": 891,
                      "end": 900
                    },
                    {
                      "name": "பெண்வழிச் சேறல்",
                      "translation": "Being led by Women",
                      "transliteration": "Penvazhichcheral",
                      "number": 91,
                      "start": 901,
                      "end": 910
                    },
                    {
                      "name": "வரைவின் மகளிர்",
                      "translation": "Wanton Women",
                      "transliteration": "Varaivinmakalir",
                      "number": 92,
                      "start": 911,
                      "end": 920
                    },
                    {
                      "name": "கள்ளுண்ணாமை",
                      "translation": "Not Drinking Palm-Wine",
                      "transliteration": "Kallunnaamai",
                      "number": 93,
                      "start": 921,
                      "end": 930
                    },
                    {
                      "name": "சூது",
                      "translation": "Gambling",
                      "transliteration": "Soodhu",
                      "number": 94,
                      "start": 931,
                      "end": 940
                    },
                    {
                      "name": "மருந்து",
                      "translation": "Medicine",
                      "transliteration": "Marundhu",
                      "number": 95,
                      "start": 941,
                      "end": 950
                    }
                  ]
                }
              },
              {
                "name": "குடியியல்",
                "transliteration": "Kudiyiyal",
                "translation": "Miscellaneous",
                "number": 11,
                "chapters": {
                  "tamil": "அதிகாரம்",
                  "detail": [
                    {
                      "name": "குடிமை",
                      "translation": "Nobility",
                      "transliteration": "Kutimai",
                      "number": 96,
                      "start": 951,
                      "end": 960
                    },
                    {
                      "name": "மானம்",
                      "translation": "Honour",
                      "transliteration": "Maanam",
                      "number": 97,
                      "start": 961,
                      "end": 970
                    },
                    {
                      "name": "பெருமை",
                      "translation": "Greatness",
                      "transliteration": "Perumai",
                      "number": 98,
                      "start": 971,
                      "end": 980
                    },
                    {
                      "name": "சான்றாண்மை",
                      "translation": "Perfectness",
                      "transliteration": "Saandraanmai",
                      "number": 99,
                      "start": 981,
                      "end": 990
                    },
                    {
                      "name": "பண்புடைமை",
                      "translation": "Courtesy",
                      "transliteration": "Panputaimai",
                      "number": 100,
                      "start": 991,
                      "end": 1000
                    },
                    {
                      "name": "நன்றியில் செல்வம்",
                      "translation": "Wealth without Benefaction",
                      "transliteration": "Nandriyilselvam",
                      "number": 101,
                      "start": 1001,
                      "end": 1010
                    },
                    {
                      "name": "நாணுடைமை",
                      "translation": "Shame",
                      "transliteration": "Naanutaimai",
                      "number": 102,
                      "start": 1011,
                      "end": 1020
                    },
                    {
                      "name": "குடிசெயல் வகை",
                      "translation": "The Way of Maintaining the Family",
                      "transliteration": "Kutiseyalvakai",
                      "number": 103,
                      "start": 1021,
                      "end": 1030
                    },
                    {
                      "name": "உழவு",
                      "translation": "Farming",
                      "transliteration": "Uzhavu",
                      "number": 104,
                      "start": 1031,
                      "end": 1040
                    },
                    {
                      "name": "நல்குரவு",
                      "translation": "Poverty",
                      "transliteration": "Nalkuravu",
                      "number": 105,
                      "start": 1041,
                      "end": 1050
                    },
                    {
                      "name": "இரவு",
                      "translation": "Mendicancy",
                      "transliteration": "Iravu",
                      "number": 106,
                      "start": 1051,
                      "end": 1060
                    },
                    {
                      "name": "இரவச்சம்",
                      "translation": "The Dread of Mendicancy",
                      "transliteration": "Iravachcham",
                      "number": 107,
                      "start": 1061,
                      "end": 1070
                    },
                    {
                      "name": "கயமை",
                      "translation": "Baseness",
                      "transliteration": "Kayamai",
                      "number": 108,
                      "start": 1071,
                      "end": 1080
                    }
                  ]
                }
              }
            ]
          }
        },
        {
          "name": "காமத்துப்பால்",
          "transliteration": "Kaamaththuppaal",
          "translation": "Love",
          "number": 3,
          "chapterGroup": {
            "tamil": "இயல்",
            "detail": [
              {
                "name": "களவியல்",
                "transliteration": "Kalaviyal",
                "translation": "The Pre-marital love",
                "number": 12,
                "chapters": {
                  "tamil": "அதிகாரம்",
                  "detail": [
                    {
                      "name": "தகை அணங்குறுத்தல்",
                      "translation": "The Pre-marital love",
                      "transliteration": "Thakaiyananguruththal",
                      "number": 109,
                      "start": 1081,
                      "end": 1090
                    },
                    {
                      "name": "குறிப்பறிதல்",
                      "translation": "Recognition of the Signs ",
                      "transliteration": "Kuripparidhal",
                      "number": 110,
                      "start": 1091,
                      "end": 1100
                    },
                    {
                      "name": "புணர்ச்சி மகிழ்தல்",
                      "translation": "Rejoicing in the Embrace",
                      "transliteration": "Punarchchimakizhdhal",
                      "number": 111,
                      "start": 1101,
                      "end": 1110
                    },
                    {
                      "name": "நலம் புனைந்து உரைத்தல்",
                      "translation": "The Praise of her Beauty",
                      "transliteration": "Nalampunaindhuraiththal",
                      "number": 112,
                      "start": 1111,
                      "end": 1120
                    },
                    {
                      "name": "காதற் சிறப்புரைத்தல்",
                      "translation": "Declaration of Love\"s special Excellence",
                      "transliteration": "Kaadharsirappuraiththal",
                      "number": 113,
                      "start": 1121,
                      "end": 1130
                    },
                    {
                      "name": "நாணுத் துறவுரைத்தல்",
                      "translation": "The Abandonment of Reserve",
                      "transliteration": "Naanuththuravuraiththal",
                      "number": 114,
                      "start": 1131,
                      "end": 1140
                    },
                    {
                      "name": "அலர் அறிவுறுத்தல்",
                      "translation": "The Announcement of the Rumour",
                      "transliteration": "Alararivuruththal",
                      "number": 115,
                      "start": 1141,
                      "end": 1150
                    },
                    {
                      "name": "பிரிவு ஆற்றாமை",
                      "translation": "Separation unendurable",
                      "transliteration": "Pirivaatraamai",
                      "number": 116,
                      "start": 1151,
                      "end": 1160
                    }
                  ]
                }
              },
              {
                "name": "கற்பியல்",
                "transliteration": "Karpiyal",
                "translation": "The Post-marital love",
                "number": 13,
                "chapters": {
                  "tamil": "அதிகாரம்",
                  "detail": [
                    {
                      "name": "படர்மெலிந் திரங்கல்",
                      "translation": "Complainings",
                      "transliteration": "Patarmelindhirangal",
                      "number": 117,
                      "start": 1161,
                      "end": 1170
                    },
                    {
                      "name": "கண் விதுப்பழிதல்",
                      "translation": "Eyes consumed with Grief",
                      "transliteration": "Kanvidhuppazhidhal",
                      "number": 118,
                      "start": 1171,
                      "end": 1180
                    },
                    {
                      "name": "பசப்புறு பருவரல்",
                      "translation": "The Pallid Hue",
                      "transliteration": "Pasapparuparuvaral",
                      "number": 119,
                      "start": 1181,
                      "end": 1190
                    },
                    {
                      "name": "தனிப்படர் மிகுதி",
                      "translation": "The Solitary Anguish",
                      "transliteration": "Thanippatarmikudhi",
                      "number": 120,
                      "start": 1191,
                      "end": 1200
                    },
                    {
                      "name": "நினைந்தவர் புலம்பல்",
                      "translation": "Sad Memories",
                      "transliteration": "Ninaindhavarpulampal",
                      "number": 121,
                      "start": 1201,
                      "end": 1210
                    },
                    {
                      "name": "கனவுநிலை உரைத்தல்",
                      "translation": "The Visions of the Night",
                      "transliteration": "Kanavunilaiyuraiththal",
                      "number": 122,
                      "start": 1211,
                      "end": 1220
                    },
                    {
                      "name": "பொழுதுகண்டு இரங்கல்",
                      "translation": "Lamentations at Eventide",
                      "transliteration": "Pozhudhukantirangal",
                      "number": 123,
                      "start": 1221,
                      "end": 1230
                    },
                    {
                      "name": "உறுப்புநலன் அழிதல்",
                      "translation": "Wasting Away",
                      "transliteration": "Uruppunalanazhidhal",
                      "number": 124,
                      "start": 1231,
                      "end": 1240
                    },
                    {
                      "name": "நெஞ்சொடு கிளத்தல்",
                      "translation": "Soliloquy",
                      "transliteration": "Nenjotukilaththal",
                      "number": 125,
                      "start": 1241,
                      "end": 1250
                    },
                    {
                      "name": "நிறையழிதல்",
                      "translation": "Reserve Overcome",
                      "transliteration": "Niraiyazhidhal",
                      "number": 126,
                      "start": 1251,
                      "end": 1260
                    },
                    {
                      "name": "அவர்வயின் விதும்பல்",
                      "translation": "Mutual Desire",
                      "transliteration": "Avarvayinvidhumpal",
                      "number": 127,
                      "start": 1261,
                      "end": 1270
                    },
                    {
                      "name": "குறிப்பறிவுறுத்தல்",
                      "translation": "The Reading of the Signs",
                      "transliteration": "Kuripparivuruththal",
                      "number": 128,
                      "start": 1271,
                      "end": 1280
                    },
                    {
                      "name": "புணர்ச்சி விதும்பல்",
                      "translation": "Desire for Reunion",
                      "transliteration": "Punarchchividhumpal",
                      "number": 129,
                      "start": 1281,
                      "end": 1290
                    },
                    {
                      "name": "நெஞ்சொடு புலத்தல்",
                      "translation": "Expostulation with Oneself",
                      "transliteration": "Nenjotupulaththal",
                      "number": 130,
                      "start": 1291,
                      "end": 1300
                    },
                    {
                      "name": "புலவி",
                      "translation": "Pouting",
                      "transliteration": "Pulavi",
                      "number": 131,
                      "start": 1301,
                      "end": 1310
                    },
                    {
                      "name": "புலவி நுணுக்கம்",
                      "translation": "Feigned Anger",
                      "transliteration": "Pulavi Nunukkam",
                      "number": 132,
                      "start": 1311,
                      "end": 1320
                    },
                    {
                      "name": "ஊடலுவகை",
                      "translation": "The Pleasures of Temporary Variance",
                      "transliteration": "Ootaluvakai",
                      "number": 133,
                      "start": 1321,
                      "end": 1330
                    }
                  ]
                }
              }
            ]
          }
        }
      ]
    },
    "repo": "http://github.com/tk120404/thirukkural"
  }
]
